ref,function,part,qty,notes
U1,USB-Ethernet bridge,ASIX AX88772C,1,"USB 2.0 HS to 10/100 MAC; MFA/MFB strapped for Reverse-RMII (PHY mode, MAC-to-MAC); Linux asix driver"
U2,Nessum communication IC,Socionext SC1320A,1,"Same as option A; key storage and lock must be provided by this IC (docs/ALTERNATIVES.md)"
U4,Bridge configuration EEPROM,Microchip 93LC56C (or 93C66 class; x16 mode),1,"Holds MAC, VID/PID, strings. No write-protect pin on AX88772C-compatible parts: MAC is not hardware-lockable"
U5,Buck regulator,5V->3.3V synchronous buck >=1A,1,"Size once the AX88772C/SC1320A load is known"
U6,Line driver,Per SC1320A datasheet/reference design,0-1,"Only if the IC needs an external TX driver"
J1,USB connector,USB-C receptacle (USB 2.0),1,
J2,Line connector,2-pin 5.08 mm pluggable terminal block,1,"Same for RS-485 pair and 24V cable"
Y1,Crystal,Per AX88772C datasheet,1,
Y2,Oscillator,50 MHz RMII reference,0-1,"DNP option: only if neither IC sources REF_CLK"
Y3,Crystal/oscillator,Per SC1320A datasheet,1,
T1,Line coupling transformer,Wideband 1:1 signal transformer (2-28 MHz) per vendor reference,1,"Functional isolation from field wiring"
L1,Buck inductor,2.2 uH (per regulator datasheet),1,
F1,USB input protection,PTC resettable fuse 0.5 A hold,1,
FB1,VBUS ferrite bead,600 ohm @ 100 MHz,1,
D1,Line TVS,Bidirectional 36-40 V standoff,1,"Must not conduct on 24 V AC peaks (~34 V)"
D2,USB ESD,Low-capacitance TVS array for D+/D-/VBUS (e.g. USBLC6-2),1,
D3,Common-mode surge protection,GDT or TVS line-to-chassis,0-1,
D4,Activity LED,Green LED 0603,1,"AX88772C activity LED (not the Nessum link)"
C1,Buck input capacitor,10 uF 10 V X7R,1,
C2,Buck output capacitors,2x 22 uF 6.3 V X7R,2,
C3-C4,DC-blocking capacitors,>=100 V C0G/X7R,2,"One per line leg"
R1-R2,USB-C CC pull-downs,5.1 kohm 1%,2,
R16,LED resistor,1 kohm,1,
R21/C60,Bridge power-on reset,10 kohm / 1 uF,1+1,
FL1,Load-side RF filter (field install),Ferrite/choke low-pass for 24 V loads,per load,"Only for the 24 V AC/DC medium; not on the board"
C10-C51,Decoupling,100 nF / 1 uF / 10 uF per IC supply pin,~22,
U7,USB 2.0 hub,Microchip USB2422 (2-port Hi-Speed),1,"Port 1: AX88772C, port 2: CP2102N"
Y4,Crystal,Per USB2422 datasheet,1,
U8,USB-UART bridge,Silicon Labs CP2102N,1,"Linux cp210x driver; product string/serial customised; GPIO0 -> NESSUM_RST_N, GPIO1 <- NESSUM_INT"
R22-R23,UART series links,0 ohm 0402,2,"Remove to cut host access to the SC1320A UART if its key cannot be locked"
